"game_id","game_date","home_team","away_team","home_score","away_score","actual_margin","actual_total","proj_home","proj_away","proj_spread","proj_total","model_id","model_name","model_fav","model_fav_spread","ats_result","ats_pnl","ml_result","ou_result","ou_pnl","impl_ml_home","impl_ml_away","graded_at"
"6539260",2026-01-30,"Delaware","Utah",9,16,-7,25,6,18,-12,24,"v1","Baseline (40/40/20)","Utah",-12,"No Cover",-100,"Correct","Over",90.91,2500,-2500,"2026-03-16 19:32"
"6538969",2026-01-31,"Army West Point","Massachusetts",14,8,6,22,10.5,9.5,1,20,"v1","Baseline (40/40/20)","Army West Point",-1,"Cover",90.91,"Correct","Over",90.91,-158,158,"2026-03-16 19:32"
"6539171",2026-01-31,"Denver","Cleveland St.",20,1,19,21,13,5,8,18,"v1","Baseline (40/40/20)","Denver",-8,"Cover",90.91,"Correct","Over",90.91,-2500,2500,"2026-03-16 19:32"
"6539542",2026-01-31,"Holy Cross","Providence",10,15,-5,25,9.5,10,-0.5,19.5,"v1","Baseline (40/40/20)","Providence",-0.5,"Cover",90.91,"Correct","Over",90.91,126,-126,"2026-03-16 19:32"
"6539062",2026-01-31,"Jacksonville","Rutgers",10,11,-1,21,12,9,3,21,"v1","Baseline (40/40/20)","Jacksonville",-3,"No Cover",-100,"Incorrect","Push",0,-411,411,"2026-03-16 19:32"
"6539586",2026-01-31,"Mercer","Hampton",18,9,9,27,14.5,12,2.5,26.5,"v1","Baseline (40/40/20)","Mercer",-2.5,"Cover",90.91,"Correct","Over",90.91,-321,321,"2026-03-16 19:32"
"6539485",2026-02-01,"Air Force","Lafayette",13,12,1,25,7.5,16.5,-9,24,"v1","Baseline (40/40/20)","Lafayette",-9,"No Cover",-100,"Incorrect","Over",90.91,2500,-2500,"2026-03-16 19:32"
"6539240",2026-02-01,"Bucknell","Manhattan",14,8,6,22,14.5,8,6.5,22.5,"v1","Baseline (40/40/20)","Bucknell",-6.5,"No Cover",-100,"Correct","Under",-100,-2500,2500,"2026-03-16 19:32"
"6539152",2026-02-01,"Ohio St.","Detroit Mercy",19,3,16,22,16,5,11,21,"v1","Baseline (40/40/20)","Ohio St.",-11,"Cover",90.91,"Correct","Over",90.91,-2500,2500,"2026-03-16 19:32"
"6539598",2026-02-01,"Penn St.","Colgate",18,14,4,32,19.5,9.5,10,29,"v1","Baseline (40/40/20)","Penn St.",-10,"No Cover",-100,"Correct","Over",90.91,-2500,2500,"2026-03-16 19:32"
"6539554",2026-02-01,"Syracuse","Boston U.",13,6,7,19,12.5,10,2.5,22.5,"v1","Baseline (40/40/20)","Syracuse",-2.5,"Cover",90.91,"Correct","Under",-100,-321,321,"2026-03-16 19:32"
"6539727",2026-02-02,"Duke","Bellarmine",23,8,15,31,23.5,7.5,16,31,"v1","Baseline (40/40/20)","Duke",-16,"No Cover",-100,"Correct","Push",0,-2500,2500,"2026-03-16 19:32"
"6539081",2026-02-02,"Iona","Hofstra",7,14,-7,21,5.5,10,-4.5,15.5,"v1","Baseline (40/40/20)","Hofstra",-4.5,"Cover",90.91,"Correct","Over",90.91,907,-907,"2026-03-16 19:32"
"6539755",2026-02-02,"Johns Hopkins","Robert Morris",17,2,15,19,13,8.5,4.5,21.5,"v1","Baseline (40/40/20)","Johns Hopkins",-4.5,"Cover",90.91,"Correct","Under",-100,-907,907,"2026-03-16 19:32"
"6587815",2026-02-03,"Hampton","NJIT",8,22,-14,30,11,17.5,-6.5,28.5,"v1","Baseline (40/40/20)","NJIT",-6.5,"Cover",90.91,"Correct","Over",90.91,2500,-2500,"2026-03-16 19:32"
"6539647",2026-02-06,"Boston U.","Siena",23,7,16,30,14,12,2,26,"v1","Baseline (40/40/20)","Boston U.",-2,"Cover",90.91,"Correct","Over",90.91,-252,252,"2026-03-16 19:32"
"6539299",2026-02-06,"Bucknell","St. Bonaventure",11,2,9,13,12,8.5,3.5,20.5,"v1","Baseline (40/40/20)","Bucknell",-3.5,"Cover",90.91,"Correct","Under",-100,-530,530,"2026-03-16 19:32"
"6539215",2026-02-06,"Drexel","Delaware",11,1,10,12,13.5,5.5,8,19,"v1","Baseline (40/40/20)","Drexel",-8,"Cover",90.91,"Correct","Under",-100,-2500,2500,"2026-03-16 19:32"
"6539262",2026-02-06,"Duke","Utah",14,7,7,21,14,11,3,25,"v1","Baseline (40/40/20)","Duke",-3,"Cover",90.91,"Correct","Under",-100,-411,411,"2026-03-16 19:32"
"6539516",2026-02-06,"Hofstra","Holy Cross",8,9,-1,17,8,7.5,0.5,15.5,"v1","Baseline (40/40/20)","Hofstra",-0.5,"No Cover",-100,"Incorrect","Over",90.91,-126,126,"2026-03-16 19:32"
"6539018",2026-02-06,"LIU","Mount St. Mary's",14,12,2,26,14.5,7,7.5,21.5,"v1","Baseline (40/40/20)","LIU",-7.5,"No Cover",-100,"Correct","Over",90.91,-2500,2500,"2026-03-16 19:32"
"6539767",2026-02-06,"Lehigh","Fairfield",13,14,-1,27,13.5,13,0.5,26.5,"v1","Baseline (40/40/20)","Lehigh",-0.5,"No Cover",-100,"Incorrect","Over",90.91,-126,126,"2026-03-16 19:32"
"6539242",2026-02-06,"Manhattan","Monmouth",9,15,-6,24,6.5,12,-5.5,18.5,"v1","Baseline (40/40/20)","Monmouth",-5.5,"Cover",90.91,"Correct","Over",90.91,1623,-1623,"2026-03-16 19:32"
"6588762",2026-02-06,"Navy","Iona",17,7,10,24,17.5,6.5,11,24,"v1","Baseline (40/40/20)","Navy",-11,"No Cover",-100,"Correct","Push",0,-2500,2500,"2026-03-16 19:32"
"6539544",2026-02-06,"Providence","Bryant",16,11,5,27,11.5,8.5,3,20,"v1","Baseline (40/40/20)","Providence",-3,"Cover",90.91,"Correct","Over",90.91,-411,411,"2026-03-16 19:32"
"6539757",2026-02-06,"Sacred Heart","Stony Brook",16,11,5,27,14.5,10,4.5,24.5,"v1","Baseline (40/40/20)","Sacred Heart",-4.5,"Cover",90.91,"Correct","Over",90.91,-907,907,"2026-03-16 19:32"
"6588693",2026-02-06,"UMass Lowell","Quinnipiac",12,15,-3,27,14.5,10,4.5,24.5,"v1","Baseline (40/40/20)","UMass Lowell",-4.5,"No Cover",-100,"Incorrect","Over",90.91,-907,907,"2026-03-16 19:32"
"6539463",2026-02-07,"Denver","Air Force",10,2,8,12,14.5,6,8.5,20.5,"v1","Baseline (40/40/20)","Denver",-8.5,"No Cover",-100,"Correct","Under",-100,-2500,2500,"2026-03-16 19:32"
"6539193",2026-02-07,"High Point","VMI",19,11,8,30,12,15,-3,27,"v1","Baseline (40/40/20)","VMI",-3,"No Cover",-100,"Incorrect","Over",90.91,411,-411,"2026-03-16 19:32"
"6538788",2026-02-07,"Hobart","Canisius",13,8,5,21,8.5,8,0.5,16.5,"v1","Baseline (40/40/20)","Hobart",-0.5,"Cover",90.91,"Correct","Over",90.91,-126,126,"2026-03-16 19:32"
"6538947",2026-02-07,"Marquette","Michigan",7,14,-7,21,11.5,14,-2.5,25.5,"v1","Baseline (40/40/20)","Michigan",-2.5,"Cover",90.91,"Correct","Under",-100,321,-321,"2026-03-16 19:32"
"6539498",2026-02-07,"Maryland","Loyola Maryland",19,10,9,29,13.5,11.5,2,25,"v1","Baseline (40/40/20)","Maryland",-2,"Cover",90.91,"Correct","Over",90.91,-252,252,"2026-03-16 19:32"
"6539765",2026-02-07,"Massachusetts","Merrimack",16,5,11,21,18,7,11,25,"v1","Baseline (40/40/20)","Massachusetts",-11,"Push",0,"Correct","Under",-100,-2500,2500,"2026-03-16 19:32"
"6539763",2026-02-07,"Mercer","Marist",13,9,4,22,11,14,-3,25,"v1","Baseline (40/40/20)","Marist",-3,"No Cover",-100,"Incorrect","Under",-100,411,-411,"2026-03-16 19:32"
"6538843",2026-02-07,"North Carolina","Jacksonville",11,10,1,21,12.5,10.5,2,23,"v1","Baseline (40/40/20)","North Carolina",-2,"No Cover",-100,"Correct","Under",-100,-252,252,"2026-03-16 19:32"
"6539154",2026-02-07,"Ohio St.","Cleveland St.",17,7,10,24,14,5,9,19,"v1","Baseline (40/40/20)","Ohio St.",-9,"Cover",90.91,"Correct","Over",90.91,-2500,2500,"2026-03-16 19:32"
"6538815",2026-02-07,"Penn St.","Villanova",13,14,-1,27,13.5,9,4.5,22.5,"v1","Baseline (40/40/20)","Penn St.",-4.5,"No Cover",-100,"Incorrect","Over",90.91,-907,907,"2026-03-16 19:32"
"6539691",2026-02-07,"Richmond","Robert Morris",17,7,10,24,15.5,6.5,9,22,"v1","Baseline (40/40/20)","Richmond",-9,"Cover",90.91,"Correct","Over",90.91,-2500,2500,"2026-03-16 19:32"
"6538971",2026-02-07,"Rutgers","Army West Point",9,11,-2,20,8.5,10.5,-2,19,"v1","Baseline (40/40/20)","Army West Point",-2,"Push",0,"Correct","Over",90.91,252,-252,"2026-03-16 19:32"
"6539556",2026-02-07,"Syracuse","Saint Joseph's",20,2,18,22,13.5,6,7.5,19.5,"v1","Baseline (40/40/20)","Syracuse",-7.5,"Cover",90.91,"Correct","Over",90.91,-2500,2500,"2026-03-16 19:32"
"6538870",2026-02-08,"St. John's (NY)","NJIT",10,17,-7,27,11.5,15,-3.5,26.5,"v1","Baseline (40/40/20)","NJIT",-3.5,"Cover",90.91,"Correct","Over",90.91,530,-530,"2026-03-16 19:32"
"6539343",2026-02-08,"Virginia","Colgate",19,14,5,33,18.5,11.5,7,30,"v1","Baseline (40/40/20)","Virginia",-7,"No Cover",-100,"Correct","Over",90.91,-2500,2500,"2026-03-16 19:32"
"6539085",2026-02-10,"Iona","Lehigh",7,16,-9,23,8,16,-8,24,"v1","Baseline (40/40/20)","Lehigh",-8,"Cover",90.91,"Correct","Under",-100,2500,-2500,"2026-03-16 19:32"
"6539381",2026-02-10,"Johns Hopkins","Towson",13,11,2,24,13,11,2,24,"v1","Baseline (40/40/20)","Johns Hopkins",-2,"Push",0,"Correct","Push",0,-252,252,"2026-03-16 19:32"
"6538920",2026-02-10,"Lafayette","Binghamton",10,9,1,19,11.5,6,5.5,17.5,"v1","Baseline (40/40/20)","Lafayette",-5.5,"No Cover",-100,"Correct","Over",90.91,-1623,1623,"2026-03-16 19:32"
"6538949",2026-02-10,"Michigan","Detroit Mercy",11,7,4,18,17,7.5,9.5,24.5,"v1","Baseline (40/40/20)","Michigan",-9.5,"No Cover",-100,"Correct","Under",-100,-2500,2500,"2026-03-16 19:32"
"6539156",2026-02-10,"Ohio St.","Bellarmine",11,6,5,17,16,7.5,8.5,23.5,"v1","Baseline (40/40/20)","Ohio St.",-8.5,"No Cover",-100,"Correct","Under",-100,-2500,2500,"2026-03-16 19:32"
"6539717",2026-02-11,"Merrimack","Holy Cross",8,14,-6,22,9,13,-4,22,"v1","Baseline (40/40/20)","Holy Cross",-4,"Cover",90.91,"Correct","Push",0,690,-690,"2026-03-16 19:32"
"6539127",2026-02-11,"Wagner","Sacred Heart",10,14,-4,24,9.5,15,-5.5,24.5,"v1","Baseline (40/40/20)","Sacred Heart",-5.5,"No Cover",-100,"Correct","Under",-100,1623,-1623,"2026-03-16 19:32"
"6538845",2026-02-13,"North Carolina","High Point",20,9,11,29,20,7,13,27,"v1","Baseline (40/40/20)","North Carolina",-13,"No Cover",-100,"Correct","Over",90.91,-2500,2500,"2026-03-16 19:32"
"6539669",2026-02-13,"Queens (NC)","Vermont",8,17,-9,25,11,10,1,21,"v1","Baseline (40/40/20)","Queens (NC)",-1,"No Cover",-100,"Incorrect","Over",90.91,-158,158,"2026-03-16 19:32"
"6539766",2026-02-13,"Quinnipiac","Massachusetts",8,16,-8,24,8,17.5,-9.5,25.5,"v1","Baseline (40/40/20)","Massachusetts",-9.5,"No Cover",-100,"Correct","Under",-100,2500,-2500,"2026-03-16 19:32"
"6539683",2026-02-13,"Robert Morris","Bucknell",16,12,4,28,9,13,-4,22,"v1","Baseline (40/40/20)","Bucknell",-4,"No Cover",-100,"Incorrect","Over",90.91,690,-690,"2026-03-16 19:32"
"6539558",2026-02-13,"Syracuse","Maryland",11,9,2,20,12.5,9,3.5,21.5,"v1","Baseline (40/40/20)","Syracuse",-3.5,"No Cover",-100,"Correct","Under",-100,-530,530,"2026-03-16 19:32"
"6539226",2026-02-13,"UMBC","Drexel",8,15,-7,23,5.5,9,-3.5,14.5,"v1","Baseline (40/40/20)","Drexel",-3.5,"Cover",90.91,"Correct","Over",90.91,530,-530,"2026-03-16 19:32"
"6539158",2026-02-14,"Air Force","Ohio St.",9,14,-5,23,6.5,15.5,-9,22,"v1","Baseline (40/40/20)","Ohio St.",-9,"No Cover",-100,"Correct","Over",90.91,2500,-2500,"2026-03-16 19:32"
"6538973",2026-02-14,"Army West Point","Yale",12,6,6,18,14.5,8,6.5,22.5,"v1","Baseline (40/40/20)","Army West Point",-6.5,"No Cover",-100,"Correct","Under",-100,-2500,2500,"2026-03-16 19:32"
"6539173",2026-02-14,"Bellarmine","Cleveland St.",10,7,3,17,13,10,3,23,"v1","Baseline (40/40/20)","Bellarmine",-3,"Push",0,"Correct","Under",-100,-411,411,"2026-03-16 19:32"
"6538922",2026-02-14,"Binghamton","St. Bonaventure",9,10,-1,19,7.5,8,-0.5,15.5,"v1","Baseline (40/40/20)","St. Bonaventure",-0.5,"Cover",90.91,"Correct","Over",90.91,126,-126,"2026-03-16 19:32"
"6539773",2026-02-14,"Bryant","Merrimack",6,13,-7,19,12.5,9.5,3,22,"v1","Baseline (40/40/20)","Bryant",-3,"No Cover",-100,"Incorrect","Under",-100,-411,411,"2026-03-16 19:32"
"6539423",2026-02-14,"Colgate","Hobart",7,6,1,13,10.5,11.5,-1,22,"v1","Baseline (40/40/20)","Hobart",-1,"No Cover",-100,"Incorrect","Under",-100,158,-158,"2026-03-16 19:32"
"6539109",2026-02-14,"Fairfield","Brown",8,10,-2,18,11,10.5,0.5,21.5,"v1","Baseline (40/40/20)","Fairfield",-0.5,"No Cover",-100,"Incorrect","Under",-100,-126,126,"2026-03-16 19:32"
"6539588",2026-02-14,"Hampton","Detroit Mercy",8,20,-12,28,13,10,3,23,"v1","Baseline (40/40/20)","Hampton",-3,"No Cover",-100,"Incorrect","Over",90.91,-411,411,"2026-03-16 19:32"
"6538896",2026-02-14,"Harvard","Providence",10,4,6,14,14,7.5,6.5,21.5,"v1","Baseline (40/40/20)","Harvard",-6.5,"No Cover",-100,"Correct","Under",-100,-2500,2500,"2026-03-16 19:32"
"6539719",2026-02-14,"Holy Cross","Sacred Heart",11,15,-4,26,10.5,13,-2.5,23.5,"v1","Baseline (40/40/20)","Sacred Heart",-2.5,"Cover",90.91,"Correct","Over",90.91,321,-321,"2026-03-16 19:32"
"6539500",2026-02-14,"Johns Hopkins","Loyola Maryland",13,7,6,20,14,11,3,25,"v1","Baseline (40/40/20)","Johns Hopkins",-3,"Cover",90.91,"Correct","Under",-100,-411,411,"2026-03-16 19:32"
"6539473",2026-02-14,"LIU","Monmouth",9,8,1,17,9,9.5,-0.5,18.5,"v1","Baseline (40/40/20)","Monmouth",-0.5,"No Cover",-100,"Incorrect","Under",-100,126,-126,"2026-03-16 19:32"
"6539129",2026-02-14,"Manhattan","Wagner",10,5,5,15,10,10.5,-0.5,20.5,"v1","Baseline (40/40/20)","Wagner",-0.5,"No Cover",-100,"Incorrect","Under",-100,126,-126,"2026-03-16 19:32"
"6539412",2026-02-14,"Marquette","Notre Dame",11,16,-5,27,9.5,18,-8.5,27.5,"v1","Baseline (40/40/20)","Notre Dame",-8.5,"No Cover",-100,"Correct","Under",-100,2500,-2500,"2026-03-16 19:32"
"6538951",2026-02-14,"Michigan","Lehigh",13,14,-1,27,14.5,11.5,3,26,"v1","Baseline (40/40/20)","Michigan",-3,"No Cover",-100,"Incorrect","Over",90.91,-411,411,"2026-03-16 19:32"
"6539443",2026-02-14,"NJIT","Lafayette",9,19,-10,28,11,14,-3,25,"v1","Baseline (40/40/20)","Lafayette",-3,"Cover",90.91,"Correct","Over",90.91,411,-411,"2026-03-16 19:32"
"6538999",2026-02-14,"Penn","Georgetown",9,12,-3,21,11,9,2,20,"v1","Baseline (40/40/20)","Penn",-2,"No Cover",-100,"Incorrect","Over",90.91,-252,252,"2026-03-16 19:32"
"6539369",2026-02-14,"Princeton","Penn St.",7,13,-6,20,11.5,13.5,-2,25,"v1","Baseline (40/40/20)","Penn St.",-2,"Cover",90.91,"Correct","Under",-100,252,-252,"2026-03-16 19:32"
"6539345",2026-02-14,"Richmond","Virginia",18,12,6,30,16.5,10,6.5,26.5,"v1","Baseline (40/40/20)","Richmond",-6.5,"No Cover",-100,"Correct","Over",90.91,-2500,2500,"2026-03-16 19:32"
"6539526",2026-02-14,"Siena","Hofstra",14,10,4,24,10,8,2,18,"v1","Baseline (40/40/20)","Siena",-2,"Cover",90.91,"Correct","Over",90.91,-252,252,"2026-03-16 19:32"
"6538872",2026-02-14,"St. John's (NY)","Delaware",11,12,-1,23,12,7.5,4.5,19.5,"v1","Baseline (40/40/20)","St. John's (NY)",-4.5,"No Cover",-100,"Incorrect","Over",90.91,-907,907,"2026-03-16 19:32"
"6539064",2026-02-14,"Stony Brook","Rutgers",11,14,-3,25,9,11.5,-2.5,20.5,"v1","Baseline (40/40/20)","Rutgers",-2.5,"Cover",90.91,"Correct","Over",90.91,321,-321,"2026-03-16 19:32"
"6539321",2026-02-14,"Towson","Navy",12,8,4,20,12.5,13.5,-1,26,"v1","Baseline (40/40/20)","Navy",-1,"No Cover",-100,"Incorrect","Under",-100,158,-158,"2026-03-16 19:32"
"6539622",2026-02-14,"UAlbany","Cornell",10,11,-1,21,11.5,13,-1.5,24.5,"v1","Baseline (40/40/20)","Cornell",-1.5,"No Cover",-100,"Correct","Under",-100,199,-199,"2026-03-16 19:32"
"6539264",2026-02-14,"Utah","Denver",7,8,-1,15,11.5,8,3.5,19.5,"v1","Baseline (40/40/20)","Utah",-3.5,"No Cover",-100,"Incorrect","Under",-100,-530,530,"2026-03-16 19:32"
"6539195",2026-02-14,"VMI","Mercer",12,16,-4,28,15.5,14,1.5,29.5,"v1","Baseline (40/40/20)","VMI",-1.5,"No Cover",-100,"Incorrect","Under",-100,-199,199,"2026-03-16 19:32"
"6538817",2026-02-14,"Villanova","Saint Joseph's",9,11,-2,20,10.5,7,3.5,17.5,"v1","Baseline (40/40/20)","Villanova",-3.5,"No Cover",-100,"Incorrect","Over",90.91,-530,530,"2026-03-16 19:32"
"6539770",2026-02-15,"Boston U.","Dartmouth",13,5,8,18,14,12,2,26,"v1","Baseline (40/40/20)","Boston U.",-2,"Cover",90.91,"Correct","Under",-100,-252,252,"2026-03-16 19:32"
"6539705",2026-02-15,"Duke","Vermont",22,6,16,28,19.5,7.5,12,27,"v1","Baseline (40/40/20)","Duke",-12,"Cover",90.91,"Correct","Over",90.91,-2500,2500,"2026-03-16 19:32"
"6538847",2026-02-15,"North Carolina","Iona",23,7,16,30,20.5,5,15.5,25.5,"v1","Baseline (40/40/20)","North Carolina",-15.5,"Cover",90.91,"Correct","Over",90.91,-2500,2500,"2026-03-16 19:32"
"6539693",2026-02-16,"Richmond","Mercer",15,5,10,20,19,8,11,27,"v1","Baseline (40/40/20)","Richmond",-11,"No Cover",-100,"Correct","Under",-100,-2500,2500,"2026-03-16 19:32"
"6538898",2026-02-17,"Harvard","Colgate",17,8,9,25,19.5,7.5,12,27,"v1","Baseline (40/40/20)","Harvard",-12,"No Cover",-100,"Correct","Under",-100,-2500,2500,"2026-03-16 19:32"
"6539087",2026-02-17,"Iona","Bucknell",8,16,-8,24,6.5,16.5,-10,23,"v1","Baseline (40/40/20)","Bucknell",-10,"No Cover",-100,"Correct","Over",90.91,2500,-2500,"2026-03-16 19:32"
"6539228",2026-02-17,"Lafayette","Drexel",8,9,-1,17,10.5,9,1.5,19.5,"v1","Baseline (40/40/20)","Lafayette",-1.5,"No Cover",-100,"Incorrect","Under",-100,-199,199,"2026-03-16 19:32"
"6539131",2026-02-17,"Monmouth","Wagner",15,7,8,22,12,6.5,5.5,18.5,"v1","Baseline (40/40/20)","Monmouth",-5.5,"Cover",90.91,"Correct","Over",90.91,-1623,1623,"2026-03-16 19:32"
"6591080",2026-02-17,"Mount St. Mary's","Queens (NC)",13,10,3,23,8,12,-4,20,"v1","Baseline (40/40/20)","Queens (NC)",-4,"No Cover",-100,"Incorrect","Over",90.91,690,-690,"2026-03-16 19:32"
"6539197",2026-02-17,"Navy","VMI",19,12,7,31,17.5,12,5.5,29.5,"v1","Baseline (40/40/20)","Navy",-5.5,"Cover",90.91,"Correct","Over",90.91,-1623,1623,"2026-03-16 19:32"
"6539751",2026-02-17,"Notre Dame","Bellarmine",29,10,19,39,21,9,12,30,"v1","Baseline (40/40/20)","Notre Dame",-12,"Cover",90.91,"Correct","Over",90.91,-2500,2500,"2026-03-16 19:32"
"6538874",2026-02-17,"Quinnipiac","St. John's (NY)",8,20,-12,28,11,13,-2,24,"v1","Baseline (40/40/20)","St. John's (NY)",-2,"Cover",90.91,"Correct","Over",90.91,252,-252,"2026-03-16 19:32"
"6538924",2026-02-17,"Siena","Binghamton",14,5,9,19,11.5,7.5,4,19,"v1","Baseline (40/40/20)","Siena",-4,"Cover",90.91,"Correct","Push",0,-690,690,"2026-03-16 19:32"
"6539301",2026-02-17,"St. Bonaventure","Robert Morris",14,11,3,25,10.5,8.5,2,19,"v1","Baseline (40/40/20)","St. Bonaventure",-2,"Cover",90.91,"Correct","Over",90.91,-252,252,"2026-03-16 19:32"
"6539624",2026-02-17,"UAlbany","Penn",10,15,-5,25,9.5,12,-2.5,21.5,"v1","Baseline (40/40/20)","Penn",-2.5,"Cover",90.91,"Correct","Over",90.91,321,-321,"2026-03-16 19:32"
"6539040",2026-02-17,"Yale","Marist",15,9,6,24,11.5,12.5,-1,24,"v1","Baseline (40/40/20)","Marist",-1,"No Cover",-100,"Incorrect","Push",0,158,-158,"2026-03-16 19:32"
"6539768",2026-02-18,"Sacred Heart","Fairfield",13,12,1,25,15,11,4,26,"v1","Baseline (40/40/20)","Sacred Heart",-4,"No Cover",-100,"Correct","Under",-100,-690,690,"2026-03-16 19:32"
"6538792",2026-02-20,"Canisius","Robert Morris",8,11,-3,19,9.5,8.5,1,18,"v1","Baseline (40/40/20)","Canisius",-1,"No Cover",-100,"Incorrect","Over",90.91,-158,158,"2026-03-16 19:32"
"6538849",2026-02-20,"North Carolina","Johns Hopkins",17,9,8,26,15,9.5,5.5,24.5,"v1","Baseline (40/40/20)","North Carolina",-5.5,"Cover",90.91,"Correct","Over",90.91,-1623,1623,"2026-03-16 19:32"
"6539382",2026-02-20,"Saint Joseph's","Towson",12,11,1,23,8.5,13,-4.5,21.5,"v1","Baseline (40/40/20)","Towson",-4.5,"No Cover",-100,"Incorrect","Over",90.91,907,-907,"2026-03-16 19:32"
"6539502",2026-02-20,"UMBC","Loyola Maryland",8,12,-4,20,7.5,9.5,-2,17,"v1","Baseline (40/40/20)","Loyola Maryland",-2,"Cover",90.91,"Correct","Over",90.91,252,-252,"2026-03-16 19:32"
"6592479",2026-02-20,"Vermont","Dartmouth",10,14,-4,24,11,13.5,-2.5,24.5,"v1","Baseline (40/40/20)","Dartmouth",-2.5,"Cover",90.91,"Correct","Under",-100,321,-321,"2026-03-16 19:32"
"6538926",2026-02-21,"Binghamton","Marist",6,9,-3,15,8,9.5,-1.5,17.5,"v1","Baseline (40/40/20)","Marist",-1.5,"Cover",90.91,"Correct","Under",-100,199,-199,"2026-03-16 19:32"
"6539774",2026-02-21,"Bryant","Quinnipiac",14,7,7,21,12.5,10,2.5,22.5,"v1","Baseline (40/40/20)","Bryant",-2.5,"Cover",90.91,"Correct","Under",-100,-321,321,"2026-03-16 19:32"
"6539425",2026-02-21,"Bucknell","Hobart",12,10,2,22,12.5,8.5,4,21,"v1","Baseline (40/40/20)","Bucknell",-4,"No Cover",-100,"Correct","Over",90.91,-690,690,"2026-03-16 19:32"
"6539175",2026-02-21,"Cleveland St.","Marquette",7,9,-2,16,9,13,-4,22,"v1","Baseline (40/40/20)","Marquette",-4,"No Cover",-100,"Correct","Under",-100,690,-690,"2026-03-16 19:32"
"6539465",2026-02-21,"Denver","Cornell",9,13,-4,22,11,7.5,3.5,18.5,"v1","Baseline (40/40/20)","Denver",-3.5,"No Cover",-100,"Incorrect","Over",90.91,-530,530,"2026-03-16 19:32"
"6539752",2026-02-21,"Detroit Mercy","Bellarmine",9,16,-7,25,10.5,14,-3.5,24.5,"v1","Baseline (40/40/20)","Bellarmine",-3.5,"Cover",90.91,"Correct","Over",90.91,530,-530,"2026-03-16 19:32"
"6539217",2026-02-21,"Drexel","UAlbany",9,17,-8,26,13,9,4,22,"v1","Baseline (40/40/20)","Drexel",-4,"No Cover",-100,"Incorrect","Over",90.91,-690,690,"2026-03-16 19:32"
"6539729",2026-02-21,"Duke","Jacksonville",16,10,6,26,14.5,9,5.5,23.5,"v1","Baseline (40/40/20)","Duke",-5.5,"Cover",90.91,"Correct","Over",90.91,-1623,1623,"2026-03-16 19:32"
"6539199",2026-02-21,"Hampton","VMI",15,17,-2,32,13,15.5,-2.5,28.5,"v1","Baseline (40/40/20)","VMI",-2.5,"No Cover",-100,"Correct","Over",90.91,321,-321,"2026-03-16 19:32"
"6538900",2026-02-21,"Harvard","Syracuse",13,12,1,25,12,9,3,21,"v1","Baseline (40/40/20)","Harvard",-3,"No Cover",-100,"Correct","Over",90.91,-411,411,"2026-03-16 19:32"
"6538876",2026-02-21,"Hofstra","St. John's (NY)",8,9,-1,17,9,7,2,16,"v1","Baseline (40/40/20)","Hofstra",-2,"No Cover",-100,"Incorrect","Over",90.91,-252,252,"2026-03-16 19:32"
"6539089",2026-02-21,"Iona","LIU",10,16,-6,26,6.5,15.5,-9,22,"v1","Baseline (40/40/20)","LIU",-9,"No Cover",-100,"Correct","Over",90.91,2500,-2500,"2026-03-16 19:32"
"6539022",2026-02-21,"Lafayette","Mount St. Mary's",19,5,14,24,15.5,6,9.5,21.5,"v1","Baseline (40/40/20)","Lafayette",-9.5,"Cover",90.91,"Correct","Over",90.91,-2500,2500,"2026-03-16 19:32"
"6539244",2026-02-21,"Manhattan","Fairfield",9,15,-6,24,10,13,-3,23,"v1","Baseline (40/40/20)","Fairfield",-3,"Cover",90.91,"Correct","Over",90.91,411,-411,"2026-03-16 19:32"
"6539365",2026-02-21,"Maryland","Princeton",12,13,-1,25,11,11.5,-0.5,22.5,"v1","Baseline (40/40/20)","Princeton",-0.5,"Cover",90.91,"Correct","Over",90.91,126,-126,"2026-03-16 19:32"
"6539266",2026-02-21,"Merrimack","Utah",8,17,-9,25,7,20.5,-13.5,27.5,"v1","Baseline (40/40/20)","Utah",-13.5,"No Cover",-100,"Correct","Under",-100,2500,-2500,"2026-03-16 19:32"
"6538953",2026-02-21,"Michigan","Army West Point",11,13,-2,24,9.5,12,-2.5,21.5,"v1","Baseline (40/40/20)","Army West Point",-2.5,"No Cover",-100,"Correct","Over",90.91,321,-321,"2026-03-16 19:32"
"6539445",2026-02-21,"NJIT","Massachusetts",14,18,-4,32,11,15,-4,26,"v1","Baseline (40/40/20)","Massachusetts",-4,"Push",0,"Correct","Over",90.91,690,-690,"2026-03-16 19:32"
"6539323",2026-02-21,"Navy","Penn St.",12,11,1,23,12.5,15,-2.5,27.5,"v1","Baseline (40/40/20)","Penn St.",-2.5,"No Cover",-100,"Incorrect","Under",-100,321,-321,"2026-03-16 19:32"
"6539160",2026-02-21,"Ohio St.","High Point",13,5,8,18,15.5,6,9.5,21.5,"v1","Baseline (40/40/20)","Ohio St.",-9.5,"No Cover",-100,"Correct","Under",-100,-2500,2500,"2026-03-16 19:32"
"6539283",2026-02-21,"Penn","Delaware",14,6,8,20,13,5.5,7.5,18.5,"v1","Baseline (40/40/20)","Penn",-7.5,"Cover",90.91,"Correct","Over",90.91,-2500,2500,"2026-03-16 19:32"
"6539111",2026-02-21,"Providence","Brown",7,8,-1,15,10,9,1,19,"v1","Baseline (40/40/20)","Providence",-1,"No Cover",-100,"Incorrect","Under",-100,-158,158,"2026-03-16 19:32"
"6539695",2026-02-21,"Richmond","Lehigh",16,7,9,23,17,8.5,8.5,25.5,"v1","Baseline (40/40/20)","Richmond",-8.5,"Cover",90.91,"Correct","Under",-100,-2500,2500,"2026-03-16 19:32"
"6538819",2026-02-21,"Rutgers","Villanova",8,7,1,15,10.5,8,2.5,18.5,"v1","Baseline (40/40/20)","Rutgers",-2.5,"No Cover",-100,"Correct","Under",-100,-321,321,"2026-03-16 19:32"
"6539347",2026-02-21,"Stony Brook","Virginia",7,19,-12,26,11.5,14,-2.5,25.5,"v1","Baseline (40/40/20)","Virginia",-2.5,"Cover",90.91,"Correct","Over",90.91,321,-321,"2026-03-16 19:32"
"6539133",2026-02-21,"UMass Lowell","Wagner",16,7,9,23,12.5,10,2.5,22.5,"v1","Baseline (40/40/20)","UMass Lowell",-2.5,"Cover",90.91,"Correct","Over",90.91,-321,321,"2026-03-16 19:32"
"6539042",2026-02-21,"Yale","Boston U.",16,11,5,27,11.5,15.5,-4,27,"v1","Baseline (40/40/20)","Boston U.",-4,"No Cover",-100,"Incorrect","Push",0,690,-690,"2026-03-16 19:32"
"6539001",2026-02-22,"Notre Dame","Georgetown",15,9,6,24,16.5,9,7.5,25.5,"v1","Baseline (40/40/20)","Notre Dame",-7.5,"No Cover",-100,"Correct","Under",-100,-2500,2500,"2026-03-16 19:32"
"6539414",2026-02-23,"Detroit Mercy","Marquette",4,15,-11,19,9,14.5,-5.5,23.5,"v1","Baseline (40/40/20)","Marquette",-5.5,"Cover",90.91,"Correct","Under",-100,1623,-1623,"2026-03-16 19:32"
"6538975",2026-02-23,"Mercer","Army West Point",7,16,-9,23,8.5,16,-7.5,24.5,"v1","Baseline (40/40/20)","Army West Point",-7.5,"Cover",90.91,"Correct","Under",-100,2500,-2500,"2026-03-16 19:32"
"6539398",2026-02-23,"Robert Morris","High Point",8,7,1,15,12.5,9,3.5,21.5,"v1","Baseline (40/40/20)","Robert Morris",-3.5,"No Cover",-100,"Correct","Under",-100,-530,530,"2026-03-16 19:32"
"6539303",2026-02-24,"Bellarmine","St. Bonaventure",14,12,2,26,10.5,12.5,-2,23,"v1","Baseline (40/40/20)","St. Bonaventure",-2,"No Cover",-100,"Incorrect","Over",90.91,252,-252,"2026-03-16 19:32"
"6539427",2026-02-24,"Cornell","Hobart",19,8,11,27,11,9,2,20,"v1","Baseline (40/40/20)","Cornell",-2,"Cover",90.91,"Correct","Over",90.91,-252,252,"2026-03-16 19:32"
"6539771",2026-02-24,"Dartmouth","Merrimack",19,10,9,29,17,8.5,8.5,25.5,"v1","Baseline (40/40/20)","Dartmouth",-8.5,"Cover",90.91,"Correct","Over",90.91,-2500,2500,"2026-03-16 19:32"
"6539530",2026-02-24,"Mount St. Mary's","UMBC",4,7,-3,11,6.5,7.5,-1,14,"v1","Baseline (40/40/20)","UMBC",-1,"Cover",90.91,"Correct","Under",-100,158,-158,"2026-03-16 19:32"
"6539066",2026-02-24,"Rutgers","LIU",13,5,8,18,10.5,10,0.5,20.5,"v1","Baseline (40/40/20)","Rutgers",-0.5,"Cover",90.91,"Correct","Under",-100,-126,126,"2026-03-16 19:32"
"6539649",2026-02-24,"Siena","Air Force",21,9,12,30,17,8.5,8.5,25.5,"v1","Baseline (40/40/20)","Siena",-8.5,"Cover",90.91,"Correct","Over",90.91,-2500,2500,"2026-03-16 19:32"
"6539113",2026-02-25,"Brown","Massachusetts",8,11,-3,19,8.5,12.5,-4,21,"v1","Baseline (40/40/20)","Massachusetts",-4,"No Cover",-100,"Correct","Under",-100,690,-690,"2026-03-16 19:32"
"6539091",2026-02-25,"Stony Brook","Iona",8,6,2,14,13.5,6.5,7,20,"v1","Baseline (40/40/20)","Stony Brook",-7,"No Cover",-100,"Correct","Under",-100,-2500,2500,"2026-03-16 19:32"
"6538851",2026-02-27,"Penn","North Carolina",9,11,-2,20,9,12.5,-3.5,21.5,"v1","Baseline (40/40/20)","North Carolina",-3.5,"No Cover",-100,"Correct","Under",-100,530,-530,"2026-03-16 19:32"
"6539560",2026-02-27,"Princeton","Syracuse",11,7,4,18,9.5,11,-1.5,20.5,"v1","Baseline (40/40/20)","Syracuse",-1.5,"No Cover",-100,"Incorrect","Under",-100,199,-199,"2026-03-16 19:32"
"6539384",2026-02-27,"Towson","UMBC",14,10,4,24,10,6.5,3.5,16.5,"v1","Baseline (40/40/20)","Towson",-3.5,"Cover",90.91,"Correct","Over",90.91,-530,530,"2026-03-16 19:32"
"6538977",2026-02-28,"Army West Point","Holy Cross",13,5,8,18,12,7,5,19,"v1","Baseline (40/40/20)","Army West Point",-5,"Cover",90.91,"Correct","Under",-100,-1206,1206,"2026-03-16 19:32"
"6539325",2026-02-28,"Boston U.","Navy",15,10,5,25,14,12.5,1.5,26.5,"v1","Baseline (40/40/20)","Boston U.",-1.5,"Cover",90.91,"Correct","Under",-100,-199,199,"2026-03-16 19:32"
"6539115",2026-02-28,"Brown","Bryant",17,6,11,23,11,8.5,2.5,19.5,"v1","Baseline (40/40/20)","Brown",-2.5,"Cover",90.91,"Correct","Over",90.91,-321,321,"2026-03-16 19:32"
"6538794",2026-02-28,"Canisius","Cleveland St.",9,13,-4,22,10,7,3,17,"v1","Baseline (40/40/20)","Canisius",-3,"No Cover",-100,"Incorrect","Over",90.91,-411,411,"2026-03-16 19:32"
"6539506",2026-02-28,"Colgate","Loyola Maryland",11,13,-2,24,12,15.5,-3.5,27.5,"v1","Baseline (40/40/20)","Loyola Maryland",-3.5,"No Cover",-100,"Correct","Under",-100,530,-530,"2026-03-16 19:32"
"6539697",2026-02-28,"Cornell","Richmond",7,8,-1,15,8.5,14,-5.5,22.5,"v1","Baseline (40/40/20)","Richmond",-5.5,"No Cover",-100,"Correct","Under",-100,1623,-1623,"2026-03-16 19:32"
"6539652",2026-02-28,"Dartmouth","Siena",13,6,7,19,13,12.5,0.5,25.5,"v1","Baseline (40/40/20)","Dartmouth",-0.5,"Cover",90.91,"Correct","Under",-100,-126,126,"2026-03-16 19:32"
"6538821",2026-02-28,"Delaware","Villanova",7,12,-5,19,6.5,11,-4.5,17.5,"v1","Baseline (40/40/20)","Villanova",-4.5,"Cover",90.91,"Correct","Over",90.91,907,-907,"2026-03-16 19:32"
"6538955",2026-02-28,"Denver","Michigan",15,9,6,24,11,8.5,2.5,19.5,"v1","Baseline (40/40/20)","Denver",-2.5,"Cover",90.91,"Correct","Over",90.91,-321,321,"2026-03-16 19:32"
"6539219",2026-02-28,"Drexel","Mercer",18,7,11,25,15,8.5,6.5,23.5,"v1","Baseline (40/40/20)","Drexel",-6.5,"Cover",90.91,"Correct","Over",90.91,-2500,2500,"2026-03-16 19:32"
"6539003",2026-02-28,"Georgetown","Ohio St.",9,10,-1,19,8,12,-4,20,"v1","Baseline (40/40/20)","Ohio St.",-4,"No Cover",-100,"Correct","Under",-100,690,-690,"2026-03-16 19:32"
"6539134",2026-02-28,"Hampton","Wagner",6,14,-8,20,11,12,-1,23,"v1","Baseline (40/40/20)","Wagner",-1,"Cover",90.91,"Correct","Under",-100,158,-158,"2026-03-16 19:32"
"6539429",2026-02-28,"Hobart","Robert Morris",7,8,-1,15,10,9,1,19,"v1","Baseline (40/40/20)","Hobart",-1,"No Cover",-100,"Incorrect","Under",-100,-158,158,"2026-03-16 19:32"
"6539400",2026-02-28,"Jacksonville","High Point",18,7,11,25,17.5,7,10.5,24.5,"v1","Baseline (40/40/20)","Jacksonville",-10.5,"Cover",90.91,"Correct","Over",90.91,-2500,2500,"2026-03-16 19:32"
"6538878",2026-02-28,"Lafayette","St. John's (NY)",11,9,2,20,14.5,8,6.5,22.5,"v1","Baseline (40/40/20)","Lafayette",-6.5,"No Cover",-100,"Correct","Under",-100,-2500,2500,"2026-03-16 19:32"
"6539685",2026-02-28,"Lehigh","Bucknell",11,12,-1,23,11.5,14,-2.5,25.5,"v1","Baseline (40/40/20)","Bucknell",-2.5,"No Cover",-100,"Correct","Under",-100,321,-321,"2026-03-16 19:32"
"6539760",2026-02-28,"Marist","Air Force",13,11,2,24,15,8,7,23,"v1","Baseline (40/40/20)","Marist",-7,"No Cover",-100,"Correct","Over",90.91,-2500,2500,"2026-03-16 19:32"
"6538902",2026-02-28,"Marquette","Harvard",10,19,-9,29,8.5,17,-8.5,25.5,"v1","Baseline (40/40/20)","Harvard",-8.5,"Cover",90.91,"Correct","Over",90.91,2500,-2500,"2026-03-16 19:32"
"6539610",2026-02-28,"Maryland","Notre Dame",8,11,-3,19,10.5,15,-4.5,25.5,"v1","Baseline (40/40/20)","Notre Dame",-4.5,"No Cover",-100,"Correct","Under",-100,907,-907,"2026-03-16 19:32"
"6539626",2026-02-28,"Massachusetts","UAlbany",15,9,6,24,16,9,7,25,"v1","Baseline (40/40/20)","Massachusetts",-7,"No Cover",-100,"Correct","Under",-100,-2500,2500,"2026-03-16 19:32"
"6539024",2026-02-28,"Monmouth","Mount St. Mary's",14,5,9,19,13,5.5,7.5,18.5,"v1","Baseline (40/40/20)","Monmouth",-7.5,"Cover",90.91,"Correct","Over",90.91,-2500,2500,"2026-03-16 19:32"
"6539447",2026-02-28,"NJIT","Sacred Heart",12,14,-2,26,13.5,15.5,-2,29,"v1","Baseline (40/40/20)","Sacred Heart",-2,"Push",0,"Correct","Under",-100,252,-252,"2026-03-16 19:32"
"6539044",2026-02-28,"Penn St.","Yale",17,7,10,24,17.5,10.5,7,28,"v1","Baseline (40/40/20)","Penn St.",-7,"Cover",90.91,"Correct","Under",-100,-2500,2500,"2026-03-16 19:32"
"6539546",2026-02-28,"Providence","Fairfield",7,8,-1,15,11.5,10.5,1,22,"v1","Baseline (40/40/20)","Providence",-1,"No Cover",-100,"Incorrect","Under",-100,-158,158,"2026-03-16 19:32"
"6539201",2026-02-28,"Queens (NC)","VMI",10,11,-1,21,13.5,11,2.5,24.5,"v1","Baseline (40/40/20)","Queens (NC)",-2.5,"No Cover",-100,"Incorrect","Under",-100,-321,321,"2026-03-16 19:32"
"6539068",2026-02-28,"Rutgers","Hofstra",11,8,3,19,9,6.5,2.5,15.5,"v1","Baseline (40/40/20)","Rutgers",-2.5,"Cover",90.91,"Correct","Over",90.91,-321,321,"2026-03-16 19:32"
"6539246",2026-02-28,"Stony Brook","Manhattan",15,6,9,21,11.5,9,2.5,20.5,"v1","Baseline (40/40/20)","Stony Brook",-2.5,"Cover",90.91,"Correct","Over",90.91,-321,321,"2026-03-16 19:32"
"6539093",2026-02-28,"Utah","Iona",32,4,28,36,21,5,16,26,"v1","Baseline (40/40/20)","Utah",-16,"Cover",90.91,"Correct","Over",90.91,-2500,2500,"2026-03-16 19:32"
"6539709",2026-02-28,"Vermont","Quinnipiac",15,8,7,23,14.5,10,4.5,24.5,"v1","Baseline (40/40/20)","Vermont",-4.5,"Cover",90.91,"Correct","Under",-100,-907,907,"2026-03-16 19:32"
"6539349",2026-02-28,"Virginia","Johns Hopkins",13,14,-1,27,14,13.5,0.5,27.5,"v1","Baseline (40/40/20)","Virginia",-0.5,"No Cover",-100,"Incorrect","Under",-100,-126,126,"2026-03-16 19:32"
"6539574",2026-03-01,"Bellarmine","LIU",7,15,-8,22,10,15,-5,25,"v1","Baseline (40/40/20)","LIU",-5,"Cover",90.91,"Correct","Under",-100,1206,-1206,"2026-03-16 19:32"
"6539614",2026-03-01,"Duke","Saint Joseph's",12,6,6,18,19.5,5.5,14,25,"v1","Baseline (40/40/20)","Duke",-14,"No Cover",-100,"Correct","Under",-100,-2500,2500,"2026-03-16 19:32"
"6539562",2026-03-01,"Penn","Syracuse",8,9,-1,17,8.5,10,-1.5,18.5,"v1","Baseline (40/40/20)","Syracuse",-1.5,"No Cover",-100,"Correct","Under",-100,199,-199,"2026-03-16 19:32"
"6538853",2026-03-01,"Princeton","North Carolina",11,9,2,20,10,14,-4,24,"v1","Baseline (40/40/20)","North Carolina",-4,"No Cover",-100,"Incorrect","Under",-100,690,-690,"2026-03-16 19:32"
"6539548",2026-03-02,"Providence","Merrimack",16,9,7,25,14,8,6,22,"v1","Baseline (40/40/20)","Providence",-6,"Cover",90.91,"Correct","Over",90.91,-2213,2213,"2026-03-16 19:32"
"6538823",2026-03-03,"Drexel","Villanova",10,11,-1,21,10,7.5,2.5,17.5,"v1","Baseline (40/40/20)","Drexel",-2.5,"No Cover",-100,"Incorrect","Over",90.91,-321,321,"2026-03-16 19:32"
"6539351",2026-03-03,"High Point","Virginia",7,14,-7,21,10,18,-8,28,"v1","Baseline (40/40/20)","Virginia",-8,"No Cover",-100,"Correct","Under",-100,2500,-2500,"2026-03-16 19:32"
"6539386",2026-03-03,"Loyola Maryland","Towson",17,13,4,30,13,13.5,-0.5,26.5,"v1","Baseline (40/40/20)","Towson",-0.5,"No Cover",-100,"Incorrect","Over",90.91,126,-126,"2026-03-16 19:32"
"6539747",2026-03-03,"Massachusetts","UMass Lowell",18,8,10,26,15,8.5,6.5,23.5,"v1","Baseline (40/40/20)","Massachusetts",-6.5,"Cover",90.91,"Correct","Over",90.91,-2500,2500,"2026-03-16 19:32"
"6539449",2026-03-03,"NJIT","Monmouth",9,5,4,14,10,12,-2,22,"v1","Baseline (40/40/20)","Monmouth",-2,"No Cover",-100,"Incorrect","Under",-100,252,-252,"2026-03-16 19:32"
"6539285",2026-03-06,"Delaware","Maryland",8,13,-5,21,7,14,-7,21,"v1","Baseline (40/40/20)","Maryland",-7,"No Cover",-100,"Correct","Push",0,2500,-2500,"2026-03-16 19:32"
"6538979",2026-03-06,"Lafayette","Army West Point",10,9,1,19,9.5,10,-0.5,19.5,"v1","Baseline (40/40/20)","Army West Point",-0.5,"No Cover",-100,"Incorrect","Under",-100,126,-126,"2026-03-16 19:32"
"6539731",2026-03-07,"Air Force","Duke",6,21,-15,27,6.5,23,-16.5,29.5,"v1","Baseline (40/40/20)","Duke",-16.5,"No Cover",-100,"Correct","Under",-100,2500,-2500,"2026-03-16 19:32"
"6538930",2026-03-07,"Binghamton","Stony Brook",6,9,-3,15,8,8.5,-0.5,16.5,"v1","Baseline (40/40/20)","Stony Brook",-0.5,"Cover",90.91,"Correct","Under",-100,126,-126,"2026-03-16 19:32"
"6538796",2026-03-07,"Canisius","Iona",10,5,5,15,11.5,6,5.5,17.5,"v1","Baseline (40/40/20)","Canisius",-5.5,"No Cover",-100,"Correct","Under",-100,-1623,1623,"2026-03-16 19:32"
"6539177",2026-03-07,"Cleveland St.","St. Bonaventure",12,11,1,23,7.5,11,-3.5,18.5,"v1","Baseline (40/40/20)","St. Bonaventure",-3.5,"No Cover",-100,"Incorrect","Over",90.91,530,-530,"2026-03-16 19:32"
"6539046",2026-03-07,"Fairfield","Yale",14,15,-1,29,13.5,12.5,1,26,"v1","Baseline (40/40/20)","Fairfield",-1,"No Cover",-100,"Incorrect","Over",90.91,-158,158,"2026-03-16 19:32"
"6539520",2026-03-07,"Hofstra","UMBC",11,10,1,21,6.5,4.5,2,11,"v1","Baseline (40/40/20)","Hofstra",-2,"No Cover",-100,"Correct","Over",90.91,-252,252,"2026-03-16 19:32"
"6539600",2026-03-07,"Holy Cross","Colgate",11,10,1,21,13,10,3,23,"v1","Baseline (40/40/20)","Holy Cross",-3,"No Cover",-100,"Correct","Under",-100,-411,411,"2026-03-16 19:32"
"6584365",2026-03-07,"Jacksonville","Detroit Mercy",18,4,14,22,18,6,12,24,"v1","Baseline (40/40/20)","Jacksonville",-12,"Cover",90.91,"Correct","Under",-100,-2500,2500,"2026-03-16 19:32"
"6539564",2026-03-07,"Johns Hopkins","Syracuse",8,12,-4,20,9.5,11.5,-2,21,"v1","Baseline (40/40/20)","Syracuse",-2,"Cover",90.91,"Correct","Under",-100,252,-252,"2026-03-16 19:32"
"6539576",2026-03-07,"LIU","Queens (NC)",13,9,4,22,11.5,9,2.5,20.5,"v1","Baseline (40/40/20)","LIU",-2.5,"Cover",90.91,"Correct","Over",90.91,-321,321,"2026-03-16 19:32"
"6588413",2026-03-07,"Lehigh","Boston U.",13,14,-1,27,12,15.5,-3.5,27.5,"v1","Baseline (40/40/20)","Boston U.",-3.5,"No Cover",-100,"Correct","Under",-100,530,-530,"2026-03-16 19:32"
"6539508",2026-03-07,"Loyola Maryland","Providence",15,9,6,24,12,11.5,0.5,23.5,"v1","Baseline (40/40/20)","Loyola Maryland",-0.5,"Cover",90.91,"Correct","Over",90.91,-126,126,"2026-03-16 19:32"
"6539026",2026-03-07,"Marist","Mount St. Mary's",16,9,7,25,13.5,7.5,6,21,"v1","Baseline (40/40/20)","Marist",-6,"Cover",90.91,"Correct","Over",90.91,-2213,2213,"2026-03-16 19:32"
"6539416",2026-03-07,"Marquette","Mercer",21,12,9,33,15,12.5,2.5,27.5,"v1","Baseline (40/40/20)","Marquette",-2.5,"Cover",90.91,"Correct","Over",90.91,-321,321,"2026-03-16 19:32"
"6539711",2026-03-07,"Massachusetts","Vermont",7,6,1,13,14.5,8.5,6,23,"v1","Baseline (40/40/20)","Massachusetts",-6,"No Cover",-100,"Correct","Under",-100,-2213,2213,"2026-03-16 19:32"
"6538904",2026-03-07,"Michigan","Harvard",7,17,-10,24,9.5,14.5,-5,24,"v1","Baseline (40/40/20)","Harvard",-5,"Cover",90.91,"Correct","Push",0,1206,-1206,"2026-03-16 19:32"
"6539327",2026-03-07,"Navy","Bucknell",16,12,4,28,12,12.5,-0.5,24.5,"v1","Baseline (40/40/20)","Bucknell",-0.5,"No Cover",-100,"Incorrect","Over",90.91,126,-126,"2026-03-16 19:32"
"6538855",2026-03-07,"North Carolina","Brown",19,7,12,26,14.5,7.5,7,22,"v1","Baseline (40/40/20)","North Carolina",-7,"Cover",90.91,"Correct","Over",90.91,-2500,2500,"2026-03-16 19:32"
"6539162",2026-03-07,"Ohio St.","Notre Dame",8,9,-1,17,10.5,11,-0.5,21.5,"v1","Baseline (40/40/20)","Notre Dame",-0.5,"Cover",90.91,"Correct","Under",-100,126,-126,"2026-03-16 19:32"
"6584594",2026-03-07,"Penn St.","Cornell",19,7,12,26,15,10,5,25,"v1","Baseline (40/40/20)","Penn St.",-5,"Cover",90.91,"Correct","Over",90.91,-1206,1206,"2026-03-16 19:32"
"6539070",2026-03-07,"Princeton","Rutgers",20,9,11,29,11,10.5,0.5,21.5,"v1","Baseline (40/40/20)","Princeton",-0.5,"Cover",90.91,"Correct","Over",90.91,-126,126,"2026-03-16 19:32"
"6539660",2026-03-07,"Quinnipiac","Siena",11,18,-7,29,10,16.5,-6.5,26.5,"v1","Baseline (40/40/20)","Siena",-6.5,"Cover",90.91,"Correct","Over",90.91,2500,-2500,"2026-03-16 19:32"
"6539005",2026-03-07,"Richmond","Georgetown",14,10,4,24,15,8,7,23,"v1","Baseline (40/40/20)","Richmond",-7,"No Cover",-100,"Correct","Over",90.91,-2500,2500,"2026-03-16 19:32"
"6539753",2026-03-07,"Robert Morris","Bellarmine",14,11,3,25,12.5,11.5,1,24,"v1","Baseline (40/40/20)","Robert Morris",-1,"Cover",90.91,"Correct","Over",90.91,-158,158,"2026-03-16 19:32"
"6585348",2026-03-07,"Sacred Heart","Merrimack",12,10,2,22,18.5,8.5,10,27,"v1","Baseline (40/40/20)","Sacred Heart",-10,"No Cover",-100,"Correct","Under",-100,-2500,2500,"2026-03-16 19:32"
"6539230",2026-03-07,"Saint Joseph's","Drexel",10,7,3,17,7,11.5,-4.5,18.5,"v1","Baseline (40/40/20)","Drexel",-4.5,"No Cover",-100,"Incorrect","Under",-100,907,-907,"2026-03-16 19:32"
"6538880",2026-03-07,"St. John's (NY)","Bryant",7,11,-4,18,11,10.5,0.5,21.5,"v1","Baseline (40/40/20)","St. John's (NY)",-0.5,"No Cover",-100,"Incorrect","Under",-100,-126,126,"2026-03-16 19:32"
"6539431",2026-03-07,"UAlbany","Hobart",14,10,4,24,11,10.5,0.5,21.5,"v1","Baseline (40/40/20)","UAlbany",-0.5,"Cover",90.91,"Correct","Over",90.91,-126,126,"2026-03-16 19:32"
"6539268",2026-03-07,"Utah","Dartmouth",17,10,7,27,16,9.5,6.5,25.5,"v1","Baseline (40/40/20)","Utah",-6.5,"Cover",90.91,"Correct","Over",90.91,-2500,2500,"2026-03-16 19:32"
"6539203",2026-03-07,"VMI","Monmouth",9,8,1,17,9,14,-5,23,"v1","Baseline (40/40/20)","Monmouth",-5,"No Cover",-100,"Incorrect","Under",-100,1206,-1206,"2026-03-16 19:32"
"6539353",2026-03-07,"Virginia","Towson",9,13,-4,22,15,13.5,1.5,28.5,"v1","Baseline (40/40/20)","Virginia",-1.5,"No Cover",-100,"Incorrect","Under",-100,-199,199,"2026-03-16 19:32"
"6539136",2026-03-07,"Wagner","NJIT",14,12,2,26,11,14.5,-3.5,25.5,"v1","Baseline (40/40/20)","NJIT",-3.5,"No Cover",-100,"Incorrect","Over",90.91,530,-530,"2026-03-16 19:32"
"6538825",2026-03-08,"Villanova","Penn",6,10,-4,16,8,9.5,-1.5,17.5,"v1","Baseline (40/40/20)","Penn",-1.5,"Cover",90.91,"Correct","Under",-100,199,-199,"2026-03-16 19:32"
"6539769",2026-03-10,"Fairfield","Dartmouth",10,16,-6,26,11.5,13.5,-2,25,"v1","Baseline (40/40/20)","Dartmouth",-2,"Cover",90.91,"Correct","Over",90.91,252,-252,"2026-03-16 19:32"
"6539007",2026-03-10,"Georgetown","UAlbany",16,8,8,24,13,11,2,24,"v1","Baseline (40/40/20)","Georgetown",-2,"Cover",90.91,"Correct","Push",0,-252,252,"2026-03-16 19:32"
"6539329",2026-03-10,"Jacksonville","Navy",9,10,-1,19,14,10,4,24,"v1","Baseline (40/40/20)","Jacksonville",-4,"No Cover",-100,"Incorrect","Under",-100,-690,690,"2026-03-16 19:32"
"6538798",2026-03-10,"St. Bonaventure","Canisius",11,10,1,21,9,8,1,17,"v1","Baseline (40/40/20)","St. Bonaventure",-1,"Push",0,"Correct","Over",90.91,-158,158,"2026-03-16 19:32"
"6538882",2026-03-10,"St. John's (NY)","Rutgers",4,19,-15,23,9,13,-4,22,"v1","Baseline (40/40/20)","Rutgers",-4,"Cover",90.91,"Correct","Over",90.91,690,-690,"2026-03-16 19:32"
"6539671",2026-03-10,"UMass Lowell","Queens (NC)",5,8,-3,13,10.5,11,-0.5,21.5,"v1","Baseline (40/40/20)","Queens (NC)",-0.5,"Cover",90.91,"Correct","Under",-100,126,-126,"2026-03-16 19:32"
"6539270",2026-03-11,"Marquette","Utah",7,16,-9,23,9,18,-9,27,"v1","Baseline (40/40/20)","Utah",-9,"Push",0,"Correct","Under",-100,2500,-2500,"2026-03-16 19:32"
"6539566",2026-03-12,"Air Force","Syracuse",11,17,-6,28,7,16,-9,23,"v1","Baseline (40/40/20)","Syracuse",-9,"No Cover",-100,"Correct","Over",90.91,2500,-2500,"2026-03-16 19:32"
"6539164",2026-03-12,"Ohio St.","Denver",6,4,2,10,9,7.5,1.5,16.5,"v1","Baseline (40/40/20)","Ohio St.",-1.5,"Cover",90.91,"Correct","Under",-100,-199,199,"2026-03-16 19:32"
"6539528",2026-03-13,"Stony Brook","Hofstra",12,7,5,19,8.5,8,0.5,16.5,"v1","Baseline (40/40/20)","Stony Brook",-0.5,"Cover",90.91,"Correct","Over",90.91,-126,126,"2026-03-16 19:32"
"6538932",2026-03-14,"Binghamton","UMass Lowell",16,9,7,25,9,9.5,-0.5,18.5,"v1","Baseline (40/40/20)","UMass Lowell",-0.5,"No Cover",-100,"Incorrect","Over",90.91,126,-126,"2026-03-16 19:32"
"6538981",2026-03-14,"Boston U.","Army West Point",10,8,2,18,10,12,-2,22,"v1","Baseline (40/40/20)","Army West Point",-2,"No Cover",-100,"Incorrect","Under",-100,252,-252,"2026-03-16 19:32"
"6539602",2026-03-14,"Bucknell","Colgate",14,12,2,26,16.5,9.5,7,26,"v1","Baseline (40/40/20)","Bucknell",-7,"No Cover",-100,"Correct","Push",0,-2500,2500,"2026-03-16 19:32"
"6538800",2026-03-14,"Canisius","Quinnipiac",9,8,1,17,11.5,8.5,3,20,"v1","Baseline (40/40/20)","Canisius",-3,"No Cover",-100,"Correct","Under",-100,-411,411,"2026-03-16 19:32"
"6539117",2026-03-14,"Cornell","Brown",18,9,9,27,10.5,9.5,1,20,"v1","Baseline (40/40/20)","Cornell",-1,"Cover",90.91,"Correct","Over",90.91,-158,158,"2026-03-16 19:32"
"6539221",2026-03-14,"Drexel","Monmouth",12,8,4,20,8.5,9,-0.5,17.5,"v1","Baseline (40/40/20)","Monmouth",-0.5,"No Cover",-100,"Incorrect","Over",90.91,126,-126,"2026-03-16 19:32"
"6539592",2026-03-14,"Fairfield","Hampton",26,7,19,33,15.5,10,5.5,25.5,"v1","Baseline (40/40/20)","Fairfield",-5.5,"Cover",90.91,"Correct","Over",90.91,-1623,1623,"2026-03-16 19:32"
"6539402",2026-03-14,"High Point","Massachusetts",15,7,8,22,7.5,17,-9.5,24.5,"v1","Baseline (40/40/20)","Massachusetts",-9.5,"No Cover",-100,"Incorrect","Under",-100,2500,-2500,"2026-03-16 19:32"
"6539487",2026-03-14,"Holy Cross","Lafayette",11,9,2,20,8.5,12,-3.5,20.5,"v1","Baseline (40/40/20)","Lafayette",-3.5,"No Cover",-100,"Incorrect","Under",-100,530,-530,"2026-03-16 19:32"
"6539095",2026-03-14,"Iona","Manhattan",16,12,4,28,8,11.5,-3.5,19.5,"v1","Baseline (40/40/20)","Manhattan",-3.5,"No Cover",-100,"Incorrect","Over",90.91,530,-530,"2026-03-16 19:32"
"6539331",2026-03-14,"Johns Hopkins","Navy",14,10,4,24,12.5,12,0.5,24.5,"v1","Baseline (40/40/20)","Johns Hopkins",-0.5,"Cover",90.91,"Correct","Under",-100,-126,126,"2026-03-16 19:32"
"6539138",2026-03-14,"LIU","Wagner",20,6,14,26,13.5,8,5.5,21.5,"v1","Baseline (40/40/20)","LIU",-5.5,"Cover",90.91,"Correct","Over",90.91,-1623,1623,"2026-03-16 19:32"
"6539510",2026-03-14,"Loyola Maryland","Lehigh",10,15,-5,25,14.5,13.5,1,28,"v1","Baseline (40/40/20)","Loyola Maryland",-1,"No Cover",-100,"Incorrect","Under",-100,-158,158,"2026-03-16 19:32"
"6539355",2026-03-14,"Maryland","Virginia",13,12,1,25,13.5,14,-0.5,27.5,"v1","Baseline (40/40/20)","Virginia",-0.5,"No Cover",-100,"Incorrect","Under",-100,126,-126,"2026-03-16 19:32"
"6538884",2026-03-14,"Mercer","St. John's (NY)",12,11,1,23,12.5,13,-0.5,25.5,"v1","Baseline (40/40/20)","St. John's (NY)",-0.5,"No Cover",-100,"Incorrect","Under",-100,126,-126,"2026-03-16 19:32"
"6585865",2026-03-14,"Merrimack","Marist",9,10,-1,19,9,14,-5,23,"v1","Baseline (40/40/20)","Marist",-5,"No Cover",-100,"Correct","Under",-100,1206,-1206,"2026-03-16 19:32"
"6539034",2026-03-14,"Mount St. Mary's","Sacred Heart",9,17,-8,26,8,16.5,-8.5,24.5,"v1","Baseline (40/40/20)","Sacred Heart",-8.5,"No Cover",-100,"Correct","Over",90.91,2500,-2500,"2026-03-16 19:32"
"6539451",2026-03-14,"NJIT","Jacksonville",6,9,-3,15,11,15,-4,26,"v1","Baseline (40/40/20)","Jacksonville",-4,"No Cover",-100,"Correct","Under",-100,690,-690,"2026-03-16 19:32"
"6538957",2026-03-14,"Notre Dame","Michigan",9,4,5,13,15.5,10.5,5,26,"v1","Baseline (40/40/20)","Notre Dame",-5,"Push",0,"Correct","Under",-100,-1206,1206,"2026-03-16 19:32"
"6538906",2026-03-14,"Penn","Harvard",9,12,-3,21,8,12,-4,20,"v1","Baseline (40/40/20)","Harvard",-4,"No Cover",-100,"Correct","Over",90.91,690,-690,"2026-03-16 19:32"
"6538857",2026-03-14,"Penn St.","North Carolina",8,10,-2,18,12.5,14,-1.5,26.5,"v1","Baseline (40/40/20)","North Carolina",-1.5,"Cover",90.91,"Correct","Under",-100,199,-199,"2026-03-16 19:32"
"6539733",2026-03-14,"Providence","Duke",5,21,-16,26,7.5,16,-8.5,23.5,"v1","Baseline (40/40/20)","Duke",-8.5,"Cover",90.91,"Correct","Over",90.91,2500,-2500,"2026-03-16 19:32"
"6539287",2026-03-14,"Richmond","Delaware",17,5,12,22,17,5,12,22,"v1","Baseline (40/40/20)","Richmond",-12,"Push",0,"Correct","Push",0,-2500,2500,"2026-03-16 19:32"
"6584366",2026-03-14,"Robert Morris","Detroit Mercy",11,6,5,17,13,8,5,21,"v1","Baseline (40/40/20)","Robert Morris",-5,"Push",0,"Correct","Under",-100,-1206,1206,"2026-03-16 19:32"
"6539072",2026-03-14,"Rutgers","Bellarmine",21,8,13,29,15.5,9,6.5,24.5,"v1","Baseline (40/40/20)","Rutgers",-6.5,"Cover",90.91,"Correct","Over",90.91,-2500,2500,"2026-03-16 19:32"
"6539309",2026-03-14,"Saint Joseph's","St. Bonaventure",24,6,18,30,8,10,-2,18,"v1","Baseline (40/40/20)","St. Bonaventure",-2,"No Cover",-100,"Incorrect","Over",90.91,252,-252,"2026-03-16 19:32"
"6539628",2026-03-14,"UAlbany","Bryant",13,7,6,20,12.5,10.5,2,23,"v1","Baseline (40/40/20)","UAlbany",-2,"Cover",90.91,"Correct","Under",-100,-252,252,"2026-03-16 19:32"
"6539532",2026-03-14,"Vermont","UMBC",10,5,5,15,9,7,2,16,"v1","Baseline (40/40/20)","Vermont",-2,"Cover",90.91,"Correct","Under",-100,-252,252,"2026-03-16 19:32"
"6538827",2026-03-14,"Villanova","Towson",11,17,-6,28,11,10.5,0.5,21.5,"v1","Baseline (40/40/20)","Villanova",-0.5,"No Cover",-100,"Incorrect","Over",90.91,-126,126,"2026-03-16 19:32"
"6539048",2026-03-14,"Yale","Princeton",10,11,-1,21,11,14,-3,25,"v1","Baseline (40/40/20)","Princeton",-3,"No Cover",-100,"Correct","Under",-100,411,-411,"2026-03-16 19:32"
"6539467",2026-03-16,"Denver","Syracuse",12,13,-1,25,8.5,9,-0.5,17.5,"v1","Baseline (40/40/20)","Syracuse",-0.5,"Cover",90.91,"Correct","Over",90.91,126,-126,"2026-03-16 19:32"